filename,status,actual_url,source_page,activity,slot,role,shot_wanted,notes
aquaventure-01.jpg,downloaded,"commons:File:Aquaventure Waterpark-Dubai UAE-Andres Larin.jpg",,Aquaventure,1,hero · official,the signature wide shot,Wikimedia Commons visitor panorama; exact park context and strongest wide overview.
aquaventure-02.jpg,downloaded,"commons:File:Aquaventure. The Atlantis, Dubai (8973483064).jpg",,Aquaventure,2,carousel · official,"a second angle — interior, or the thing itself close up",Wikimedia Commons visitor photograph by Fabio Achilli; lagoon and slide-tower context.
aquaventure-03.jpg,downloaded,"commons:File:Aquaventure. The Atlantis, Dubai (8973483200).jpg",,Aquaventure,3,carousel · candid,"a real visitor photo — people in frame, imperfect light",Wikimedia Commons visitor photograph by Fabio Achilli; colorful family slide complex with guests.
aquaventure-04.jpg,downloaded,commons:File:Atlantis Aquapark.JPG,,Aquaventure,4,carousel · candid,"something from the venue's own Instagram, or a tagged post",Wikimedia Commons visitor photograph by Rokaszil; foliage-framed tower view substituted for inaccessible social source.
aquaventure-05.jpg,downloaded,commons:File:Aquaventure Beach-Dubai UAE-Andres Larin.jpg,,Aquaventure,5,carousel · any,whatever else is genuinely good,Wikimedia Commons visitor photograph; quiet private-beach counterpoint to the ride imagery.
yaswaterworld-01.jpg,downloaded,https://static.myconnect.ae/-/media/yasconnect/project/yww/yww-phase2/smarthero/ext-1200x675-4.jpg,https://www.yaswaterworld.com/en/rides,Yas Waterworld,1,hero · official,the signature wide shot,Official Yas Waterworld rides-page photograph; crop-safe 16:9 raft action with guests and the waterpark clearly visible behind them.
yaswaterworld-02.jpg,downloaded,https://static.myconnect.ae/-/media/yasconnect/project/yww/home/smart-hero/bandits-bomberl-new-1366x410.jpg,https://www.yaswaterworld.com/,Yas Waterworld,2,carousel · official,"a second angle — interior, or the thing itself close up",Official Yas Waterworld CDN; Bandit Bomber coaster action.
yaswaterworld-03.jpg,downloaded,https://static.myconnect.ae/-/media/yasconnect/project/yww/rides/rides-new/falcons-falaj--1200x675.jpg,https://www.yaswaterworld.com/,Yas Waterworld,3,carousel · candid,"a real visitor photo — people in frame, imperfect light",Official Yas Waterworld CDN; close group raft action substitutes for inaccessible review photography.
yaswaterworld-04.jpg,downloaded,https://static.myconnect.ae/-/media/yasconnect/project/yww/home/1366x410/slithers-1366x410.jpg,https://www.yaswaterworld.com/,Yas Waterworld,4,carousel · candid,"something from the venue's own Instagram, or a tagged post",Official Yas Waterworld CDN; wide Slither Slides action substitutes for inaccessible social source.
imgworlds-01.jpg,downloaded,https://cms.imgworlds.com/assets/411490cf-cb8e-4cb6-900f-a5a80600704b.jpg,https://www.imgworlds.com/zones/the-haunted-town,IMG Worlds · Haunted Town,1,hero · official,the signature wide shot,Official IMG Worlds CMS photograph; exact Haunted Hotel scene with actors and frightened guests.
imgworlds-02.jpg,downloaded,https://cms.imgworlds.com/assets/22227f8e-5a4c-4e57-9d9e-7ad2d267173b.jpg,https://www.imgworlds.com/zones/the-haunted-town,IMG Worlds · Haunted Town,2,carousel · official,"a second angle — interior, or the thing itself close up",Official IMG Worlds CMS photograph; exact Haunted Hotel Store interior.
imgworlds-03.jpg,downloaded,commons:File:IMG Worlds of Adventure.jpg,,IMG Worlds · Haunted Town,3,carousel · candid,"a real visitor photo — people in frame, imperfect light",Wikimedia Commons visitor photograph by Jeremy Thompson; dark IMG Worlds interior context substituted because the 2026 event has not occurred.
imgworlds-04.jpg,downloaded,https://www.imgworlds.com/_next/static/media/bg.0d8dc893.jpg,https://www.imgworlds.com/zones/the-haunted-town,IMG Worlds · Haunted Town,4,carousel · candid,"something from the venue's own Instagram, or a tagged post",Official Haunted Town zone background showing the Haunted Hotel exterior; stylized prior-season context substituted for expiring social imagery.
wildwadi-01.jpg,downloaded,commons:File:Wild Wadi Water Park Dubai (42447604472).jpg,,Wild Wadi,1,hero · official,the signature wide shot,Wikimedia Commons visitor photograph by Jeremy Thompson; strongest crop-friendly overview of the full slide complex.
wildwadi-02.jpg,downloaded,commons:File:Wild Wadi Water Park Dubai (42448081332).jpg,,Wild Wadi,2,carousel · official,"a second angle — interior, or the thing itself close up",Wikimedia Commons visitor photograph by Jeremy Thompson; tight FlowRider action substitutes for the inaccessible official gallery.
wildwadi-03.jpg,downloaded,commons:File:Wild Wadi Water Park Dubai (42447702462).jpg,,Wild Wadi,3,carousel · candid,"a real visitor photo — people in frame, imperfect light",Wikimedia Commons visitor photograph by Jeremy Thompson; honest wave-pool scene with guests throughout the frame.
wildwadi-04.jpg,added,commons:File:Wild Wadi Water Park Dubai (41596434885).jpg,,Wild Wadi,4,carousel · candid,a differentiated additional visitor scene,Wikimedia Commons visitor photograph by Jeremy Thompson; colorful lazy-river scene adds a calmer counterpoint to the slides.
aquafun-01.jpg,downloaded,https://cdn.prod.website-files.com/6941455e72998bd71dc6f3f6/69483a417df6e13b19b9340a_Media%20container.webp,https://www.aquafun.ae/,AquaFun,1,hero · official,the signature wide shot,Official AquaFun photograph; obstacle-course overview framed by the JBR skyline.
aquafun-02.jpg,downloaded,https://cdn.prod.website-files.com/6941455e72998bd71dc6f3f6/694b458d117731e0cba7adc9_gallery3.webp,https://www.aquafun.ae/,AquaFun,2,carousel · official,"a second angle — interior, or the thing itself close up",Official AquaFun photograph; close joyful group portrait in lifejackets with the attraction behind them.
aquafun-03.jpg,downloaded,https://cdn.prod.website-files.com/6941455e72998bd71dc6f3f6/694851bc25f107360ba43890_7faff90daa61131354ec65a9d4e31f01_Img.webp,https://www.aquafun.ae/,AquaFun,3,carousel · candid,"a real visitor photo — people in frame, imperfect light",Official AquaFun gallery photograph; sunset boat scene with a small group substitutes for inaccessible review imagery.
ferrariworld-01.jpg,downloaded,commons:File:Ferrariworld by Flo Ness.jpg,,Ferrari World,1,hero · official,the signature wide shot,Wikimedia Commons aerial visitor photograph by Flo Ness; crop-friendly overview centered on the iconic red roof.
ferrariworld-02.jpg,downloaded,commons:File:Formula Rossa roller coaster.JPG,,Ferrari World,2,carousel · official,"a second angle — interior, or the thing itself close up",Wikimedia Commons visitor photograph; close Formula Rossa train in motion with riders clearly visible.
ferrariworld-03.jpg,downloaded,commons:File:Formula rossa-ferrari world-abu dhabi-2011.JPG,,Ferrari World,3,carousel · candid,"a real visitor photo — people in frame, imperfect light",Wikimedia Commons visitor photograph by Alberto-g-rovi; honest Formula Rossa loading-platform scene.
ferrariworld-04.jpg,downloaded,commons:File:Flying Aces 2.jpg,,Ferrari World,4,carousel · candid,"something from the venue's own Instagram, or a tagged post",Wikimedia Commons visitor photograph by Jeremy Thompson; Flying Aces train high on its inversion substitutes for inaccessible social imagery.
motiongate-01.jpg,downloaded,commons:File:Entrance of motiongate Dubai .jpg,,Motiongate,1,hero · official,the signature wide shot,Wikimedia Commons visitor photograph; strong blue-hour entrance view with guests and the illuminated studio-gate landmark.
motiongate-02.jpg,downloaded,commons:File:Motiongate Dubai - 41765343441.jpg,,Motiongate,2,carousel · official,"a second angle — interior, or the thing itself close up",Wikimedia Commons visitor photograph by Jeremy Thompson; richly lit Madagascar Mad Pursuit facade substitutes for the temporarily unavailable official gallery.
motiongate-03.jpg,downloaded,commons:File:Motiongate Dubai - 27896613508.jpg,,Motiongate,3,carousel · candid,"a real visitor photo — people in frame, imperfect light",Wikimedia Commons visitor photograph by Jeremy Thompson; close Smurfs coaster train with expressive guests.
stormcoaster-01.jpg,downloaded,https://www.intamin.com/wp-content/uploads/2022/03/DubaiHills-Indoor-Coaster-03.jpeg,https://www.intamin.com/project/the-storm-coaster/,The Storm Coaster,1,hero · official,the signature wide shot,Official manufacturer project photograph credited to Emaar Entertainment and Recreative; tall landscape view of the blue track inside the architectural shell.
stormcoaster-02.jpg,downloaded,https://www.intamin.com/wp-content/uploads/2022/03/FJ13290-copy-scaled.jpg,https://www.intamin.com/project/the-storm-coaster/,The Storm Coaster,2,carousel · official,"a second angle — interior, or the thing itself close up",Official manufacturer project photograph credited to Emaar Entertainment and Recreative; close ride train with guests mid-experience.
stormcoaster-03.jpg,downloaded,https://www.intamin.com/wp-content/uploads/2022/03/FJ12856-copy-scaled.jpg,https://www.intamin.com/project/the-storm-coaster/,The Storm Coaster,3,carousel · candid,"a real visitor photo — people in frame, imperfect light",Official manufacturer project photograph credited to Emaar Entertainment and Recreative; candid group portrait beneath the attraction sign.
skidubai-01.jpg,downloaded,https://maf-skidubai.sitefinity.cloud/images/default-source/activities/sd-slope-membership---1072x800.jpg?sfvrsn=4f84fdb3_1,https://www.skidxb.com/en-ae/ski-dubai/3-month-slope-membership,Ski Dubai,1,hero · official,the signature wide shot,Official Ski Dubai photograph; exact venue action with a skier carving across the indoor slope; centered card crops retain the skier's face and torso.
skidubai-02.jpg,downloaded,commons:File:Dubai-Ski-Dubai-11.JPG,,Ski Dubai,2,carousel · official,"a second angle — interior, or the thing itself close up",Wikimedia Commons visitor photograph by Ian and Wendy Sewell; distinct wide slope scene with skiers in motion.
skidubai-03.jpg,not_found,,,Ski Dubai,3,carousel · candid,"a real visitor photo — people in frame, imperfect light",Official Ski Dubai pages repeatedly timed out and the remaining attributable Commons set was dated, dim, duplicative, or exterior-only; retained the two strongest contiguous slots.
seaworldad-01.jpg,downloaded,https://static.myconnect.ae/-/media/yasconnect/project/swad/home/hero/hero-main1.png?h=1080&w=1920,https://www.seaworldabudhabi.com/,SeaWorld Abu Dhabi,1,hero · official,the signature wide shot,Official SeaWorld Abu Dhabi CDN hero; dramatic aquarium tunnel with guests for scale and a strong 16:9 crop.
seaworldad-02.jpg,downloaded,https://static.myconnect.ae/-/media/yasconnect/project/swad/stories/meet-the-newest-star/featured-story-thumbnail-en.jpg,https://www.seaworldabudhabi.com/,SeaWorld Abu Dhabi,2,carousel · official,"a second angle — interior, or the thing itself close up",Official SeaWorld Abu Dhabi photograph; intimate walrus-and-calf habitat scene.
seaworldad-03.jpg,downloaded,https://static.myconnect.ae/-/media/yasconnect/project/swad/20230724/dolphinecounter1-medium.jpg,https://www.seaworldabudhabi.com/,SeaWorld Abu Dhabi,3,carousel · candid,"a real visitor photo — people in frame, imperfect light",Official SeaWorld Abu Dhabi photograph; family dolphin encounter with clear human emotion and habitat context.
seaworldad-04.jpg,added,https://static.myconnect.ae/-/media/yasconnect/project/swad/explore/expeditions/penguin-encounter/penguin.png,https://www.seaworldabudhabi.com/,SeaWorld Abu Dhabi,4,carousel · official,a differentiated additional animal encounter,Official SeaWorld Abu Dhabi photograph; family and keepers meeting penguins in the polar habitat.
seaworldad-05.jpg,added,https://static.myconnect.ae/-/media/yasconnect/project/swad/home/sw-homepage-medium.jpg,https://www.seaworldabudhabi.com/,SeaWorld Abu Dhabi,5,carousel · official,a differentiated additional immersive scene,Official SeaWorld Abu Dhabi photograph; child engaging with a dramatic octopus habitat display.
olddubai-01.jpg,downloaded,commons:File:Dubai Gold Souk (8668422526).jpg,,"Old Dubai, souk to abra",1,hero · official,the signature wide shot,Wikimedia Commons visitor photograph by Rob Young; bright crop-friendly view down the Gold Souk arcade.
olddubai-02.jpg,downloaded,"commons:File:Gold Souk, Dubai4.jpg",,"Old Dubai, souk to abra",2,carousel · official,"a second angle — interior, or the thing itself close up",Wikimedia Commons visitor photograph by dconvertini; dense close-up of gold necklaces and bangles.
olddubai-03.jpg,downloaded,commons:File:Abra @ From Deira to Bur Dubai @ Dubai Creek (15886341865).jpg,,"Old Dubai, souk to abra",3,carousel · candid,"a real visitor photo — people in frame, imperfect light",Wikimedia Commons visitor photograph by Guilhem Vellut; honest abra crossing packed with passengers.
olddubai-04.jpg,downloaded,"commons:File:Gold Souk, Dubai13.jpg",,"Old Dubai, souk to abra",4,carousel · candid,"something from the venue's own Instagram, or a tagged post",Wikimedia Commons visitor photograph by dconvertini; colorful craft-and-textile storefront adds a different souk texture.
olddubai-05.jpg,downloaded,commons:File:Abras in Dubai Creek!.jpg,,"Old Dubai, souk to abra",5,carousel · any,whatever else is genuinely good,Wikimedia Commons visitor photograph by Phil6007; warm sunset lineup of traditional abras on Dubai Creek.
alserkal-01.jpg,downloaded,commons:File:Dubai Alserkal Avenue 2024-11-17.jpg,,Alserkal Avenue,1,hero · official,the signature wide shot,Wikimedia Commons visitor photograph by Fuzheado; recent crop-friendly view down the avenue with people and its industrial architecture.
alserkal-02.jpg,downloaded,commons:File:Alserkal Avenue Christina Pravi.jpg,,Alserkal Avenue,2,carousel · official,"a second angle — interior, or the thing itself close up",Wikimedia Commons visitor photograph by Christina Pravi; intimate string-lit hospitality interior within the district.
alserkal-03.jpg,not_found,,,Alserkal Avenue,3,carousel · candid,"a real visitor photo — people in frame, imperfect light",The current official page exposes video rather than a still gallery; the small attributable Commons set yielded two strong distinct photographs and no third of comparable quality.
alserkal-04.jpg,not_found,,,Alserkal Avenue,4,carousel · candid,"something from the venue's own Instagram, or a tagged post",Instagram assets were not durably downloadable with exact provenance; remaining official CMS images were 400px venue tiles.
globalvillage-01.jpg,downloaded,https://gvprodbsgwebmobile.blob.core.windows.net/gvprodbstgconwebmobile/travel/files/2022-03/GV_S26_Dragon_Lake_000006.jpg,https://travel.globalvillage.ae/en/media-gallery,Global Village,1,hero · official,the signature wide shot,Official Global Village travel-trade photograph; vivid wide night panorama across Dragon Lake and the illuminated park.
globalvillage-02.jpg,downloaded,https://gvprodbsgwebmobile.blob.core.windows.net/gvprodbstgconwebmobile/travel/files/2022-03/GV_S26_Cultural_Gate_000003.jpg,https://travel.globalvillage.ae/en/media-gallery,Global Village,2,carousel · official,"a second angle — interior, or the thing itself close up",Official Global Village travel-trade photograph; richly colored cultural-gate architecture at night.
globalvillage-03.jpg,downloaded,https://gvprodbsgwebmobile.blob.core.windows.net/gvprodbstgconwebmobile/travel/files/2022-03/GV_S26_Celebration_Walk_000014.jpg,https://travel.globalvillage.ae/en/media-gallery,Global Village,3,carousel · candid,"a real visitor photo — people in frame, imperfect light",Official Global Village travel-trade photograph; guests walking beneath a dense canopy of festival lights.
globalvillage-04.jpg,downloaded,https://gvprodbsgwebmobile.blob.core.windows.net/gvprodbstgconwebmobile/travel/files/2022-03/GV_S26_Baloon_Sellers_000005.jpg,https://travel.globalvillage.ae/en/media-gallery,Global Village,4,carousel · candid,"something from the venue's own Instagram, or a tagged post",Official Global Village travel-trade photograph; colorful balloon sellers and open-air park atmosphere substitute for ephemeral social media.
artemarket-01.jpg,downloaded,https://arte.ae/wp-content/uploads/2025/01/ARTE-Market-Crowd.jpg,https://arte.ae/market-dates/,"ARTE, The Makers' Market",1,hero · official,the signature wide shot,Official ARTE market photograph; lively aisle of shoppers and independent stalls in a clean 4:3 composition.
artemarket-02.jpg,downloaded,https://arte.ae/wp-content/uploads/2022/09/ArteMarket-buy-handmade.jpg,https://arte.ae/market-dates/,"ARTE, The Makers' Market",2,carousel · official,"a second angle — interior, or the thing itself close up",Official ARTE market photograph; venue signage and handmade-market welcome display.
artemarket-03.jpg,not_found,,,"ARTE, The Makers' Market",3,carousel · candid,"a real visitor photo — people in frame, imperfect light",The official WordPress media library contained two distinct reusable market photographs; the remainder were duplicate crops, graphics, or unrelated venue images.
greenplanet-01.jpg,downloaded,commons:File:Green Planet Tree & Waterfall.jpg,,The Green Planet,1,hero · official,the signature wide shot,Wikimedia Commons visitor photograph by WikiSilky; lush landscape view of the biodome's central tree and waterfall.
greenplanet-02.jpg,downloaded,commons:File:Picture of Toucan taken at green planet.jpg,,The Green Planet,2,carousel · official,"a second angle — interior, or the thing itself close up",Wikimedia Commons visitor photograph by Lintophilip; exceptional close toucan portrait with rainforest context.
greenplanet-03.jpg,downloaded,commons:File:Green Planet Tree & Bridge.jpg,,The Green Planet,3,carousel · candid,"a real visitor photo — people in frame, imperfect light",Wikimedia Commons visitor photograph by WikiSilky; honest vertical interior view with visitors visible beneath the elevated walkways.
comptoir-01.jpg,downloaded,https://cdn.shopify.com/s/files/1/0680/4498/0444/files/gempages_507567412841808775-b93164e8-f42c-4632-8831-b00c7ecc7bda.jpg?v=1757492456,https://comptoir102.com/pages/concept-store-jumeirah-dubai,Comptoir 102,1,hero · official,the signature wide shot,Official Comptoir 102 concept-store photograph; warm crop-safe wide interior showing the boutique's clothing racks and eclectic homewares.
comptoir-02.jpg,downloaded,https://comptoir102.com/cdn/shop/files/gempages_507567412841808775-02008513-3834-45ac-ad21-e4ae0d4e2ea8.jpg?v=15335202795544512252,https://comptoir102.com/pages/concept-store-jumeirah-dubai,Comptoir 102,2,carousel · official,"a second angle — interior, or the thing itself close up",Official Comptoir 102 photograph; overhead breakfast spread adds the cafe side of the concept-store experience.
comptoir-03.jpg,not_found,,,Comptoir 102,3,carousel · candid,"a real visitor photo — people in frame, imperfect light",The official gallery yielded two strong differentiated venue photographs; review and social imagery did not provide a durably downloadable candid with reliable provenance.
flipside-01.jpg,downloaded,"commons:File:Sonic Boom record store interior, Toronto 2026.jpg",,The Flip Side,1,hero · category,"record crates, hands flicking through vinyl",Wikimedia Commons category photograph by Chicken4War; crop-safe record-store interior with browsing customers substitutes for the venue's graphics-only official site.
flipside-02.jpg,downloaded,commons:File:Vinyl collection at a record store (Unsplash).jpg,,The Flip Side,2,carousel · category,"record crates, hands flicking through vinyl, Dubai if possible",Wikimedia Commons category photograph by Mr Cup / Fabien Barral; tactile close view along densely packed record crates.
theedit-01.jpg,downloaded,commons:File:Man examines clothing in a boutique while shopping for fashionable attire in a trendy store setting.jpg,,The Edit,1,hero · category,"concept-store rail, styled interior",Wikimedia Commons category photograph by Shixart1985; crop-safe boutique scene with a customer browsing a styled clothing rail.
theedit-02.jpg,downloaded,https://theeditdubai.com/cdn/shop/files/WhatsApp_Image_2021-11-08_at_14.26.25_800x.jpg?v=1636367235,https://theeditdubai.com/pages/about-us,The Edit,2,carousel · category,"concept-store rail, styled interior, Dubai if possible",Official The Edit Dubai photograph; exact storefront entrance and landscaping provide venue-specific context distinct from the category hero.
ibnbattuta-01.jpg,downloaded,commons:File:Ibn Bathutha Mall of Dubai.jpg,,Ibn Battuta Mall,1,hero · official,the signature wide shot,Wikimedia Commons visitor photograph by Challiyil Eswaramangalath Pavithran Vipin; dramatic crop-safe panorama of the richly decorated China Court.
ibnbattuta-02.jpg,downloaded,commons:File:Ibn Battuta Mall on 2 June 2007 Pict 1.jpg,,Ibn Battuta Mall,2,carousel · official,"a second angle — interior, or the thing itself close up",Wikimedia Commons visitor photograph by Imre Solt; quieter architectural view down another themed court.
ibnbattuta-03.jpg,not_found,,,Ibn Battuta Mall,3,carousel · candid,"a real visitor photo — people in frame, imperfect light",The current official page exposes a generic promotional banner rather than an interior gallery; the attributable Commons search yielded two strong distinct courts but no third candid of comparable quality.
fashionavenue-01.jpg,downloaded,https://dmassetsprodcdn.azureedge.net/assets/media/fashion-avenue/seemless-shopping.png,https://thedubaimall.com/en/fashion-avenue,Fashion Avenue,1,hero · official,the signature wide shot,Official Dubai Mall Fashion Avenue photograph; crop-safe interior scene with shoppers and the avenue's sculptural white architecture.
fashionavenue-02.jpg,downloaded,https://dmassetsprodcdn.azureedge.net/assets/media/fashion-avenue/fashion-avenue-hero.jpg,https://thedubaimall.com/en/fashion-avenue,Fashion Avenue,2,carousel · official,"a second angle — interior, or the thing itself close up",Official Fashion Avenue campaign hero; monochrome fashion portrait supplies a distinct editorial close-up from the venue's own page.
fashionavenue-03.jpg,not_found,,,Fashion Avenue,3,carousel · candid,"a real visitor photo — people in frame, imperfect light",The official page supplied two strong current images; review and social results did not yield a candid that was both durably downloadable and reliably attributable.
fashiondome-01.jpg,downloaded,"commons:File:Mall of the Emirates, Dubai (8973609608).jpg",,Fashion Dome,1,hero · category,"luxury mall atrium, marble and light",Wikimedia Commons visitor photograph by Fabio Achilli; exact Fashion Dome view with shoppers beneath the glass roof and a crop-safe 4:3 composition.
fashiondome-02.jpg,downloaded,commons:File:P1000559 (5768342895).jpg,,Fashion Dome,2,carousel · category,"luxury mall atrium, marble and light, Dubai if possible",Wikimedia Commons visitor photograph by krebsmaus07; exact Mall of the Emirates dome and arcade in a quieter wide architectural view.
outletvillage-01.jpg,downloaded,https://ua-intl.co/wp-content/uploads/2017/08/news6-1.jpg,https://ua-intl.co/the-outlet-village-opens-its-doors-in-dubai/,The Outlet Village,1,hero · category,Tuscan-style arcade interior,Exact project photograph from U+A Architecture; crop-safe wide view of the Tuscan-style indoor street beneath its glazed roof.
outletvillage-02.jpg,downloaded,https://ua-intl.co/wp-content/uploads/2017/08/image45.jpg,https://ua-intl.co/the-outlet-village-opens-its-doors-in-dubai/,The Outlet Village,2,carousel · category,"Tuscan-style arcade interior, Dubai if possible",Exact project photograph from U+A Architecture; close architectural study of the mall's weathered-brick facade and balcony detail.
nest-01.jpg,downloaded,https://www.nara.ae/wp-content/uploads/2026/04/Filmline-_-The-Nest-_-Architecture-_-JAN-2023-_-1-1-scaled.jpg,https://www.nara.ae/the-nest/,The Nest by Nara,1,hero · official,the signature wide shot,Official Nara photograph; crop-safe sunset overview of the low private pods settled into the reserve dunes.
nest-02.jpg,downloaded,https://www.nara.ae/wp-content/uploads/2026/08/WeOnIt-_-The-Nest-_-Architecture-_-FEB-2026-_-18.jpg,https://www.nara.ae/the-nest/,The Nest by Nara,2,carousel · official,"a second angle — interior, or the thing itself close up",Official Nara photograph; warm pod interior centered on the distinctive glass roof and dune-facing lounge.
nest-03.jpg,downloaded,https://www.nara.ae/wp-content/uploads/2026/08/Stargazing.jpg,https://www.nara.ae/the-nest/,The Nest by Nara,3,carousel · candid,"a real visitor photo — people in frame, imperfect light",Official Nara experience photograph; guests using a telescope beneath a properly dark star field.
nest-04.jpg,downloaded,https://www.nara.ae/wp-content/uploads/2026/08/The-Nest-by-Nara-at-Night.jpg,https://www.nara.ae/the-nest/,The Nest by Nara,4,carousel · candid,"something from the venue's own Instagram, or a tagged post",Official Nara night photograph; illuminated glass-roof pod in the otherwise dark desert substitutes for ephemeral social imagery.
nest-05.jpg,downloaded,https://www.nara.ae/wp-content/uploads/2026/08/Vlad-_-The-Nest-_-Activities-_-DEC-2023-_-2.jpg,https://www.nara.ae/the-nest/,The Nest by Nara,5,carousel · any,whatever else is genuinely good,Official Nara photograph; private outdoor cinema beside a pod adds a genuinely differentiated night activity.
sonara-01.jpg,downloaded,https://www.nara.ae/wp-content/uploads/2025/12/Sonara-Al-Wadi.webp,https://www.nara.ae/sonara-camp-dubai/,Sonara Camp,1,hero · official,the signature wide shot,Official Nara photograph; candlelit camp sweeping through the dunes at dusk in a crop-safe 16:10 frame.
sonara-02.jpg,downloaded,https://www.nara.ae/wp-content/uploads/2025/12/Monn-Chiara-_-Sonara-_-Architecture-_-MAR-2025-_-3-scaled-1.jpg,https://www.nara.ae/sonara-camp-dubai/,Sonara Camp,2,carousel · official,"a second angle — interior, or the thing itself close up",Official Nara photograph; elevated night view shows the full glowing dinner camp beneath a starry sky.
sonara-03.jpg,downloaded,https://www.nara.ae/wp-content/uploads/2024/09/Sonara-fire-show.jpg,https://www.nara.ae/sonara-camp-dubai/,Sonara Camp,3,carousel · candid,"a real visitor photo — people in frame, imperfect light",Official Nara experience photograph; close fire performer and silhouetted audience capture the camp's live evening atmosphere.
sonara-04.jpg,downloaded,https://www.nara.ae/wp-content/uploads/2025/12/Murrindi-_-Sonara-Camp-_-Food-_-JUN-2023-_-2-scaled-1.jpg,https://www.nara.ae/sonara-camp-dubai/,Sonara Camp,4,carousel · candid,"something from the venue's own Instagram, or a tagged post",Official Nara food photograph; generous mezze and grilled dinner spread substitutes for non-durable social imagery.
balloon-01.jpg,downloaded,https://www.visitdubai.com/-/media/gathercontent/poi/b/balloon-adventures/fallback-image/balloon-adventures-04.jpg?ch=1080&cw=1920&cx=0.5&cy=0.5&rev=a06aa7945b014018aadaec3537549695,https://www.visitdubai.com/places-to-visit/balloon-adventures-emirates,Balloon over the dunes,1,hero · official,the signature wide shot,Official Visit Dubai photograph; three balloons over richly modeled golden dunes in a clean crop-safe 16:9 landscape.
balloon-02.jpg,downloaded,https://uae.heroballoonflights.com/storage/350/Signature-Experience-Carousel-3-Desktop-min.jpg,https://uae.heroballoonflights.com/signature-experience,Balloon over the dunes,2,carousel · official,"a second angle — interior, or the thing itself close up",Official Hero Balloon Flights photograph; couple sharing the sunrise view from inside the basket.
balloon-03.jpg,downloaded,https://uae.heroballoonflights.com/storage/352/Signature-Experience-Carousel-4-Desktop-min.jpg,https://uae.heroballoonflights.com/signature-experience,Balloon over the dunes,3,carousel · candid,"a real visitor photo — people in frame, imperfect light",Official Hero Balloon Flights photograph; close falcon encounter in the basket with a second balloon over the dunes behind.
balloon-04.jpg,not_found,,,Balloon over the dunes,4,carousel · candid,"something from the venue's own Instagram, or a tagged post",The current operator page and official tourism listing yielded three strong distinct exact photographs; social assets were not durably downloadable with reliable provenance.
balloon-05.jpg,not_found,,,Balloon over the dunes,5,carousel · any,whatever else is genuinely good,Remaining official page images repeated the same basket moments or showed transfers and breakfast rather than the flight; no fifth image improved the set.
mleiha-01.jpg,downloaded,https://sharjah24.ae/-/media/2021/March-2021/30/Te3.jpg,https://sharjah24.ae/en/Articles/2021/03/30/Mleiha--An-excellent-spot-for-stargazing-and-photography,Mleiha stargazing,1,hero · official,the signature wide shot,Sharjah government media photograph supplied for Mleiha; crop-safe 16:9 night scene with telescope and branded guide vehicle beneath the stars.
mleiha-02.jpg,downloaded,https://cms.shurooq.gov.ae/uploads/Fossil_Rock_top_view_copy_cd44c4f550.jpg,https://shurooq.gov.ae/portfolio/mleiha,Mleiha stargazing,2,carousel · official,"a second angle — interior, or the thing itself close up",Official Shurooq gallery photograph; aerial view of Fossil Rock and the surrounding Mleiha desert establishes the exact landscape seen after dark.
mleiha-03.jpg,not_found,,,Mleiha stargazing,3,carousel · candid,"a real visitor photo — people in frame, imperfect light",The current Mleiha site exposed no reusable still gallery; official government sources supplied one exact night scene and one strong destination context image but no attributable candid of comparable quality.
mleiha-04.jpg,not_found,,,Mleiha stargazing,4,carousel · candid,"something from the venue's own Instagram, or a tagged post",Instagram assets were not durably downloadable with exact provenance; later search results repeated the official telescope photograph or used unrelated generic night skies.
talise-01.jpg,downloaded,https://cdn.jumeirah.com/api/public/content/a51e7f14c9cc462c83c5301b6177a361?v=b2ca7861,https://www.jumeirah.com/fr/article/stories/dubai/the-fascinating-details-of-talise-ottoman-spa,Talise Ottoman Spa,1,hero · official,the signature wide shot,Official Jumeirah editorial photograph; dramatic crop-safe pool interior with Ottoman lanterns and a guest establishes the exact spa experience.
talise-02.jpg,downloaded,https://cdn.jumeirah.com/api/public/content/71ff99e9064c4b69923d369274e7bc11?v=19f5a0e8,https://www.jumeirah.com/fr/article/stories/dubai/the-fascinating-details-of-talise-ottoman-spa,Talise Ottoman Spa,2,carousel · official,"a second angle — interior, or the thing itself close up",Official Jumeirah editorial photograph; close study of the monumental turquoise spa door and its intricate metalwork.
talise-03.jpg,downloaded,https://cdn.jumeirah.com/api/public/content/51e05a9559564cd19b4177547505e1c0?v=c1228a1e,https://www.jumeirah.com/fr/article/stories/dubai/the-fascinating-details-of-talise-ottoman-spa,Talise Ottoman Spa,3,carousel · candid,"a real visitor photo — people in frame, imperfect light",Official Jumeirah editorial photograph illustrating a couples treatment; exact venue imagery substitutes for inaccessible review photography.
